Finding Label,iou_match0.1,iou_fp0.1,iou_match0.2,iou_fp0.2,iou_match0.30000000000000004,iou_fp0.30000000000000004,iou_match0.4,iou_fp0.4,iou_match0.5,iou_fp0.5,iou_match0.6,iou_fp0.6,iou_match0.7000000000000001,iou_fp0.7000000000000001,iou_match0.8,iou_fp0.8,iou_match0.9,iou_fp0.9
Atelectasis,0.17777777777777778,0.8222222222222222,0.06666666666666667,0.9333333333333333,0.027777777777777776,0.9722222222222222,0.022222222222222223,0.9777777777777777,0.011111111111111112,0.9888888888888889,0.005555555555555556,0.9944444444444445,0.005555555555555556,0.9944444444444445,False,1.0,False,1.0
Cardiomegaly,0.8835616438356164,0.11643835616438356,0.7671232876712328,0.2328767123287671,0.5684931506849316,0.4315068493150685,0.3150684931506849,0.684931506849315,0.17123287671232876,0.8287671232876712,0.0547945205479452,0.9452054794520548,0.02054794520547945,0.9794520547945206,False,1.0,False,1.0
Effusion,0.48366013071895425,0.5228758169934641,0.26143790849673204,0.7450980392156863,0.1437908496732026,0.8627450980392157,0.058823529411764705,0.9477124183006536,0.026143790849673203,0.9803921568627451,0.006535947712418301,1.0,0.0,1.0065359477124183,False,1.0065359477124183,False,1.0065359477124183
Infiltrate,0.37398373983739835,0.6341463414634146,0.13821138211382114,0.8699186991869918,0.04878048780487805,0.959349593495935,0.016260162601626018,0.991869918699187,0.0,1.008130081300813,0.0,1.008130081300813,0.0,1.008130081300813,False,1.008130081300813,False,1.008130081300813
Mass,0.3058823529411765,0.6941176470588235,0.15294117647058825,0.8470588235294118,0.08235294117647059,0.9176470588235294,0.058823529411764705,0.9411764705882353,0.011764705882352941,0.9882352941176471,0.011764705882352941,0.9882352941176471,0.0,1.0,False,1.0,False,1.0
Nodule,0.012658227848101266,0.9873417721518988,0.0,1.0,0.0,1.0,0.0,1.0,0.0,1.0,0.0,1.0,0.0,1.0,False,1.0,False,1.0
Pneumonia,0.44166666666666665,0.5666666666666667,0.23333333333333334,0.775,0.125,0.8833333333333333,0.06666666666666667,0.9416666666666667,0.008333333333333333,1.0,0.0,1.0083333333333333,0.0,1.0083333333333333,False,1.0083333333333333,False,1.0083333333333333
Pneumothorax,0.2653061224489796,0.7346938775510204,0.12244897959183673,0.8775510204081632,0.05102040816326531,0.9489795918367347,0.01020408163265306,0.9897959183673469,0.0,1.0,0.0,1.0,0.0,1.0,False,1.0,False,1.0
